,attributes,datatype,date,station,value
0,"H,,S,",TAVG,2016-01-01T00:00:00,GHCND:AR000087623,235
1,",,S,",TMIN,2016-01-01T00:00:00,GHCND:AR000087623,171
2,",,S,",PRCP,2016-01-02T00:00:00,GHCND:AR000087623,399
3,"H,,S,",TAVG,2016-01-02T00:00:00,GHCND:AR000087623,226
4,",,S,",TMAX,2016-01-02T00:00:00,GHCND:AR000087623,313
5,",,S,",TMIN,2016-01-02T00:00:00,GHCND:AR000087623,165
6,",,S,",PRCP,2016-01-03T00:00:00,GHCND:AR000087623,71
7,"H,,S,",TAVG,2016-01-03T00:00:00,GHCND:AR000087623,239
8,",,S,",TMAX,2016-01-03T00:00:00,GHCND:AR000087623,313
9,",,S,",TMIN,2016-01-03T00:00:00,GHCND:AR000087623,204
10,",,S,",PRCP,2016-01-04T00:00:00,GHCND:AR000087623,0
11,"H,,S,",TAVG,2016-01-04T00:00:00,GHCND:AR000087623,234
12,",,S,",TMIN,2016-01-04T00:00:00,GHCND:AR000087623,182
13,",,S,",PRCP,2016-01-05T00:00:00,GHCND:AR000087623,109
14,"H,,S,",TAVG,2016-01-05T00:00:00,GHCND:AR000087623,219
15,",,S,",TMAX,2016-01-05T00:00:00,GHCND:AR000087623,294
16,",,S,",TMIN,2016-01-05T00:00:00,GHCND:AR000087623,165
17,",,S,",PRCP,2016-01-06T00:00:00,GHCND:AR000087623,0
18,"H,,S,",TAVG,2016-01-06T00:00:00,GHCND:AR000087623,217
19,",,S,",TMAX,2016-01-06T00:00:00,GHCND:AR000087623,284
20,",,S,",TMIN,2016-01-06T00:00:00,GHCND:AR000087623,147
21,"H,,S,",TAVG,2016-01-07T00:00:00,GHCND:AR000087623,223
22,",,S,",TMIN,2016-01-07T00:00:00,GHCND:AR000087623,147
23,"H,,S,",TAVG,2016-01-08T00:00:00,GHCND:AR000087623,241
24,",,S,",TMIN,2016-01-08T00:00:00,GHCND:AR000087623,177
25,",,S,",PRCP,2016-01-09T00:00:00,GHCND:AR000087623,41
26,"H,,S,",TAVG,2016-01-09T00:00:00,GHCND:AR000087623,186
27,",,S,",TMAX,2016-01-09T00:00:00,GHCND:AR000087623,316
28,",,S,",TMIN,2016-01-09T00:00:00,GHCND:AR000087623,144
29,",,S,",PRCP,2016-01-10T00:00:00,GHCND:AR000087623,0
30,"H,,S,",TAVG,2016-01-10T00:00:00,GHCND:AR000087623,217
31,",,S,",TMIN,2016-01-10T00:00:00,GHCND:AR000087623,154
32,"H,,S,",TAVG,2016-01-11T00:00:00,GHCND:AR000087623,259
33,",,S,",TMIN,2016-01-11T00:00:00,GHCND:AR000087623,180
34,",,S,",PRCP,2016-01-12T00:00:00,GHCND:AR000087623,20
35,"H,,S,",TAVG,2016-01-12T00:00:00,GHCND:AR000087623,237
36,",,S,",TMAX,2016-01-12T00:00:00,GHCND:AR000087623,336
37,",,S,",TMIN,2016-01-12T00:00:00,GHCND:AR000087623,186
38,",,S,",PRCP,2016-01-13T00:00:00,GHCND:AR000087623,0
39,"H,,S,",TAVG,2016-01-13T00:00:00,GHCND:AR000087623,240
40,",,S,",TMIN,2016-01-13T00:00:00,GHCND:AR000087623,123
41,"H,,S,",TAVG,2016-01-14T00:00:00,GHCND:AR000087623,254
42,",,S,",TMAX,2016-01-14T00:00:00,GHCND:AR000087623,341
43,",,S,",TMIN,2016-01-14T00:00:00,GHCND:AR000087623,178
44,",,S,",PRCP,2016-01-15T00:00:00,GHCND:AR000087623,249
45,"H,,S,",TAVG,2016-01-15T00:00:00,GHCND:AR000087623,246
46,",,S,",TMAX,2016-01-15T00:00:00,GHCND:AR000087623,349
47,",,S,",TMIN,2016-01-15T00:00:00,GHCND:AR000087623,174
48,",,S,",PRCP,2016-01-16T00:00:00,GHCND:AR000087623,0
49,"H,,S,",TAVG,2016-01-16T00:00:00,GHCND:AR000087623,267
50,",,S,",TMAX,2016-01-16T00:00:00,GHCND:AR000087623,329
51,",,S,",TMIN,2016-01-16T00:00:00,GHCND:AR000087623,214
52,"H,,S,",TAVG,2016-01-17T00:00:00,GHCND:AR000087623,242
53,",,S,",TMAX,2016-01-17T00:00:00,GHCND:AR000087623,322
54,",,S,",TMIN,2016-01-17T00:00:00,GHCND:AR000087623,185
55,"H,,S,",TAVG,2016-01-18T00:00:00,GHCND:AR000087623,229
56,",,S,",TMAX,2016-01-18T00:00:00,GHCND:AR000087623,307
57,",,S,",TMIN,2016-01-18T00:00:00,GHCND:AR000087623,148
58,",,S,",PRCP,2016-01-19T00:00:00,GHCND:AR000087623,51
59,"H,,S,",TAVG,2016-01-19T00:00:00,GHCND:AR000087623,239
60,",,S,",TMIN,2016-01-19T00:00:00,GHCND:AR000087623,185
61,",,S,",PRCP,2016-01-20T00:00:00,GHCND:AR000087623,231
62,"H,,S,",TAVG,2016-01-20T00:00:00,GHCND:AR000087623,272
63,",,S,",TMAX,2016-01-20T00:00:00,GHCND:AR000087623,323
64,",,S,",TMIN,2016-01-20T00:00:00,GHCND:AR000087623,185
65,",,S,",PRCP,2016-01-21T00:00:00,GHCND:AR000087623,3
66,"H,,S,",TAVG,2016-01-21T00:00:00,GHCND:AR000087623,285
67,",,S,",TMIN,2016-01-21T00:00:00,GHCND:AR000087623,224
68,",,S,",PRCP,2016-01-22T00:00:00,GHCND:AR000087623,0
69,"H,,S,",TAVG,2016-01-22T00:00:00,GHCND:AR000087623,293
70,",,S,",TMAX,2016-01-22T00:00:00,GHCND:AR000087623,364
71,",,S,",TMIN,2016-01-22T00:00:00,GHCND:AR000087623,238
72,"H,,S,",TAVG,2016-01-23T00:00:00,GHCND:AR000087623,248
73,",,S,",TMAX,2016-01-23T00:00:00,GHCND:AR000087623,335
74,",,S,",TMIN,2016-01-23T00:00:00,GHCND:AR000087623,161
75,"H,,S,",TAVG,2016-01-24T00:00:00,GHCND:AR000087623,214
76,",,S,",TMAX,2016-01-24T00:00:00,GHCND:AR000087623,316
77,"H,,S,",TAVG,2016-01-25T00:00:00,GHCND:AR000087623,206
78,",,S,",TMIN,2016-01-25T00:00:00,GHCND:AR000087623,153
79,"H,,S,",TAVG,2016-01-26T00:00:00,GHCND:AR000087623,207
80,",,S,",TMIN,2016-01-26T00:00:00,GHCND:AR000087623,132
81,",,S,",PRCP,2016-01-27T00:00:00,GHCND:AR000087623,71
82,"H,,S,",TAVG,2016-01-27T00:00:00,GHCND:AR000087623,186
83,",,S,",TMAX,2016-01-27T00:00:00,GHCND:AR000087623,275
84,",,S,",TMIN,2016-01-27T00:00:00,GHCND:AR000087623,140
85,",,S,",PRCP,2016-01-28T00:00:00,GHCND:AR000087623,119
86,"H,,S,",TAVG,2016-01-28T00:00:00,GHCND:AR000087623,203
87,",,S,",TMIN,2016-01-28T00:00:00,GHCND:AR000087623,137
88,",,S,",PRCP,2016-01-29T00:00:00,GHCND:AR000087623,0
89,"H,,S,",TAVG,2016-01-29T00:00:00,GHCND:AR000087623,223
90,",,S,",TMIN,2016-01-29T00:00:00,GHCND:AR000087623,169
91,"H,,S,",TAVG,2016-01-30T00:00:00,GHCND:AR000087623,248
92,",,S,",TMIN,2016-01-30T00:00:00,GHCND:AR000087623,180
93,"H,,S,",TAVG,2016-01-31T00:00:00,GHCND:AR000087623,210
94,",,S,",TMAX,2016-01-31T00:00:00,GHCND:AR000087623,312
95,",,S,",TMIN,2016-01-31T00:00:00,GHCND:AR000087623,131
96,"H,,S,",TAVG,2016-02-01T00:00:00,GHCND:AR000087623,204
97,",,S,",TMAX,2016-02-01T00:00:00,GHCND:AR000087623,285
98,",,S,",TMIN,2016-02-01T00:00:00,GHCND:AR000087623,124
99,"H,,S,",TAVG,2016-02-02T00:00:00,GHCND:AR000087623,213
100,",,S,",TMIN,2016-02-02T00:00:00,GHCND:AR000087623,128
101,"H,,S,",TAVG,2016-02-03T00:00:00,GHCND:AR000087623,213
102,",,S,",TMIN,2016-02-03T00:00:00,GHCND:AR000087623,157
103,",,S,",PRCP,2016-02-04T00:00:00,GHCND:AR000087623,5
104,"H,,S,",TAVG,2016-02-04T00:00:00,GHCND:AR000087623,257
105,",,S,",TMAX,2016-02-04T00:00:00,GHCND:AR000087623,325
106,",,S,",TMIN,2016-02-04T00:00:00,GHCND:AR000087623,204
107,",,S,",PRCP,2016-02-05T00:00:00,GHCND:AR000087623,51
108,"H,,S,",TAVG,2016-02-05T00:00:00,GHCND:AR000087623,243
109,",,S,",TMAX,2016-02-05T00:00:00,GHCND:AR000087623,313
110,",,S,",TMIN,2016-02-05T00:00:00,GHCND:AR000087623,188
111,",,S,",PRCP,2016-02-06T00:00:00,GHCND:AR000087623,191
112,"H,,S,",TAVG,2016-02-06T00:00:00,GHCND:AR000087623,239
113,",,S,",TMAX,2016-02-06T00:00:00,GHCND:AR000087623,295
114,",,S,",TMIN,2016-02-06T00:00:00,GHCND:AR000087623,179
115,",,S,",PRCP,2016-02-07T00:00:00,GHCND:AR000087623,559
116,"H,,S,",TAVG,2016-02-07T00:00:00,GHCND:AR000087623,214
117,",,S,",TMAX,2016-02-07T00:00:00,GHCND:AR000087623,305
118,",,S,",TMIN,2016-02-07T00:00:00,GHCND:AR000087623,168
119,",,S,",PRCP,2016-02-08T00:00:00,GHCND:AR000087623,41
120,"H,,S,",TAVG,2016-02-08T00:00:00,GHCND:AR000087623,226
121,",,S,",TMIN,2016-02-08T00:00:00,GHCND:AR000087623,171
122,",,S,",PRCP,2016-02-09T00:00:00,GHCND:AR000087623,0
123,"H,,S,",TAVG,2016-02-09T00:00:00,GHCND:AR000087623,237
124,",,S,",TMIN,2016-02-09T00:00:00,GHCND:AR000087623,175
125,"H,,S,",TAVG,2016-02-10T00:00:00,GHCND:AR000087623,250
126,",,S,",TMIN,2016-02-10T00:00:00,GHCND:AR000087623,173
127,",,S,",PRCP,2016-02-11T00:00:00,GHCND:AR000087623,480
128,"H,,S,",TAVG,2016-02-11T00:00:00,GHCND:AR000087623,233
129,",,S,",TMAX,2016-02-11T00:00:00,GHCND:AR000087623,323
130,",,S,",TMIN,2016-02-11T00:00:00,GHCND:AR000087623,187
131,",,S,",PRCP,2016-02-12T00:00:00,GHCND:AR000087623,99
132,"H,,S,",TAVG,2016-02-12T00:00:00,GHCND:AR000087623,254
133,",,S,",TMIN,2016-02-12T00:00:00,GHCND:AR000087623,209
134,",,S,",PRCP,2016-02-13T00:00:00,GHCND:AR000087623,30
135,"H,,S,",TAVG,2016-02-13T00:00:00,GHCND:AR000087623,232
136,",,S,",TMAX,2016-02-13T00:00:00,GHCND:AR000087623,337
137,",,S,",TMIN,2016-02-13T00:00:00,GHCND:AR000087623,184
138,",,S,",PRCP,2016-02-14T00:00:00,GHCND:AR000087623,0
139,"H,,S,",TAVG,2016-02-14T00:00:00,GHCND:AR000087623,220
140,",,S,",TMIN,2016-02-14T00:00:00,GHCND:AR000087623,137
141,"H,,S,",TAVG,2016-02-15T00:00:00,GHCND:AR000087623,234
142,",,S,",TMIN,2016-02-15T00:00:00,GHCND:AR000087623,165
143,"H,,S,",TAVG,2016-02-16T00:00:00,GHCND:AR000087623,253
144,",,S,",PRCP,2016-02-17T00:00:00,GHCND:AR000087623,201
145,"H,,S,",TAVG,2016-02-17T00:00:00,GHCND:AR000087623,227
146,",,S,",TMAX,2016-02-17T00:00:00,GHCND:AR000087623,351
147,",,S,",TMIN,2016-02-17T00:00:00,GHCND:AR000087623,169
148,",,S,",PRCP,2016-02-18T00:00:00,GHCND:AR000087623,0
149,"H,,S,",TAVG,2016-02-18T00:00:00,GHCND:AR000087623,208
150,",,S,",TMAX,2016-02-18T00:00:00,GHCND:AR000087623,300
151,",,S,",TMIN,2016-02-18T00:00:00,GHCND:AR000087623,149
152,",,S,",PRCP,2016-02-19T00:00:00,GHCND:AR000087623,30
153,"H,,S,",TAVG,2016-02-19T00:00:00,GHCND:AR000087623,201
154,",,S,",TMAX,2016-02-19T00:00:00,GHCND:AR000087623,264
155,",,S,",TMIN,2016-02-19T00:00:00,GHCND:AR000087623,147
156,",,S,",PRCP,2016-02-20T00:00:00,GHCND:AR000087623,0
157,"H,,S,",TAVG,2016-02-20T00:00:00,GHCND:AR000087623,206
158,",,S,",TMIN,2016-02-20T00:00:00,GHCND:AR000087623,146
159,"H,,S,",TAVG,2016-02-21T00:00:00,GHCND:AR000087623,241
160,",,S,",TMIN,2016-02-21T00:00:00,GHCND:AR000087623,185
161,"H,,S,",TAVG,2016-02-22T00:00:00,GHCND:AR000087623,271
162,",,S,",TMIN,2016-02-22T00:00:00,GHCND:AR000087623,215
163,",,S,",PRCP,2016-02-23T00:00:00,GHCND:AR000087623,119
164,"H,,S,",TAVG,2016-02-23T00:00:00,GHCND:AR000087623,238
165,",,S,",TMAX,2016-02-23T00:00:00,GHCND:AR000087623,345
166,",,S,",TMIN,2016-02-23T00:00:00,GHCND:AR000087623,178
167,",,S,",PRCP,2016-02-24T00:00:00,GHCND:AR000087623,0
168,"H,,S,",TAVG,2016-02-24T00:00:00,GHCND:AR000087623,256
169,",,S,",TMAX,2016-02-24T00:00:00,GHCND:AR000087623,312
170,",,S,",TMIN,2016-02-24T00:00:00,GHCND:AR000087623,189
171,"H,,S,",TAVG,2016-02-25T00:00:00,GHCND:AR000087623,211
172,",,S,",TMAX,2016-02-25T00:00:00,GHCND:AR000087623,293
173,",,S,",TMIN,2016-02-25T00:00:00,GHCND:AR000087623,137
174,"H,,S,",TAVG,2016-02-26T00:00:00,GHCND:AR000087623,208
175,",,S,",TMAX,2016-02-26T00:00:00,GHCND:AR000087623,295
176,",,S,",TMIN,2016-02-26T00:00:00,GHCND:AR000087623,151
177,"H,,S,",TAVG,2016-02-27T00:00:00,GHCND:AR000087623,177
178,",,S,",TMAX,2016-02-27T00:00:00,GHCND:AR000087623,260
179,",,S,",TMIN,2016-02-27T00:00:00,GHCND:AR000087623,84
180,"H,,S,",TAVG,2016-02-28T00:00:00,GHCND:AR000087623,191
181,",,S,",TMIN,2016-02-28T00:00:00,GHCND:AR000087623,100
182,"H,,S,",TAVG,2016-02-29T00:00:00,GHCND:AR000087623,200
183,",,S,",TMAX,2016-02-29T00:00:00,GHCND:AR000087623,274
184,",,S,",TMIN,2016-02-29T00:00:00,GHCND:AR000087623,128
185,",,S,",PRCP,2016-03-01T00:00:00,GHCND:AR000087623,71
186,"H,,S,",TAVG,2016-03-01T00:00:00,GHCND:AR000087623,184
187,",,S,",TMAX,2016-03-01T00:00:00,GHCND:AR000087623,269
188,",,S,",TMIN,2016-03-01T00:00:00,GHCND:AR000087623,123
189,",,S,",PRCP,2016-03-02T00:00:00,GHCND:AR000087623,0
190,"H,,S,",TAVG,2016-03-02T00:00:00,GHCND:AR000087623,190
191,",,S,",TMAX,2016-03-02T00:00:00,GHCND:AR000087623,262
192,",,S,",TMIN,2016-03-02T00:00:00,GHCND:AR000087623,124
193,"H,,S,",TAVG,2016-03-03T00:00:00,GHCND:AR000087623,195
194,",,S,",TMAX,2016-03-03T00:00:00,GHCND:AR000087623,256
195,",,S,",TMIN,2016-03-03T00:00:00,GHCND:AR000087623,158
196,"H,,S,",TAVG,2016-03-04T00:00:00,GHCND:AR000087623,214
197,",,S,",TMIN,2016-03-04T00:00:00,GHCND:AR000087623,176
198,"H,,S,",TAVG,2016-03-05T00:00:00,GHCND:AR000087623,189
199,",,S,",TMAX,2016-03-05T00:00:00,GHCND:AR000087623,270
200,",,S,",TMIN,2016-03-05T00:00:00,GHCND:AR000087623,131
201,"H,,S,",TAVG,2016-03-06T00:00:00,GHCND:AR000087623,186
202,",,S,",TMIN,2016-03-06T00:00:00,GHCND:AR000087623,99
203,",,S,",PRCP,2016-03-07T00:00:00,GHCND:AR000087623,10
204,"H,,S,",TAVG,2016-03-07T00:00:00,GHCND:AR000087623,212
205,",,S,",TMAX,2016-03-07T00:00:00,GHCND:AR000087623,280
206,",,S,",TMIN,2016-03-07T00:00:00,GHCND:AR000087623,149
207,",,S,",PRCP,2016-03-08T00:00:00,GHCND:AR000087623,0
208,"H,,S,",TAVG,2016-03-08T00:00:00,GHCND:AR000087623,205
209,",,S,",TMIN,2016-03-08T00:00:00,GHCND:AR000087623,148
210,"H,,S,",TAVG,2016-03-09T00:00:00,GHCND:AR000087623,193
211,",,S,",TMAX,2016-03-09T00:00:00,GHCND:AR000087623,296
212,",,S,",TMIN,2016-03-09T00:00:00,GHCND:AR000087623,140
213,"H,,S,",TAVG,2016-03-10T00:00:00,GHCND:AR000087623,161
214,",,S,",TMAX,2016-03-10T00:00:00,GHCND:AR000087623,238
215,",,S,",TMIN,2016-03-10T00:00:00,GHCND:AR000087623,90
216,"H,,S,",TAVG,2016-03-11T00:00:00,GHCND:AR000087623,167
217,",,S,",TMIN,2016-03-11T00:00:00,GHCND:AR000087623,91
218,"H,,S,",TAVG,2016-03-12T00:00:00,GHCND:AR000087623,175
219,",,S,",TMAX,2016-03-12T00:00:00,GHCND:AR000087623,255
220,",,S,",TMIN,2016-03-12T00:00:00,GHCND:AR000087623,96
221,"H,,S,",TAVG,2016-03-13T00:00:00,GHCND:AR000087623,198
222,",,S,",TMIN,2016-03-13T00:00:00,GHCND:AR000087623,129
223,"H,,S,",TAVG,2016-03-14T00:00:00,GHCND:AR000087623,214
224,",,S,",TMAX,2016-03-14T00:00:00,GHCND:AR000087623,287
225,",,S,",TMIN,2016-03-14T00:00:00,GHCND:AR000087623,138
226,"H,,S,",TAVG,2016-03-15T00:00:00,GHCND:AR000087623,221
227,",,S,",TMIN,2016-03-15T00:00:00,GHCND:AR000087623,158
228,"H,,S,",TAVG,2016-03-16T00:00:00,GHCND:AR000087623,242
229,",,S,",TMAX,2016-03-16T00:00:00,GHCND:AR000087623,325
230,",,S,",TMIN,2016-03-16T00:00:00,GHCND:AR000087623,161
231,"H,,S,",TAVG,2016-03-17T00:00:00,GHCND:AR000087623,257
232,",,S,",TMAX,2016-03-17T00:00:00,GHCND:AR000087623,324
233,",,S,",TMIN,2016-03-17T00:00:00,GHCND:AR000087623,198
234,",,S,",PRCP,2016-03-18T00:00:00,GHCND:AR000087623,61
235,"H,,S,",TAVG,2016-03-18T00:00:00,GHCND:AR000087623,197
236,",,S,",TMAX,2016-03-18T00:00:00,GHCND:AR000087623,325
237,",,S,",TMIN,2016-03-18T00:00:00,GHCND:AR000087623,128
238,",,S,",PRCP,2016-03-19T00:00:00,GHCND:AR000087623,0
239,"H,,S,",TAVG,2016-03-19T00:00:00,GHCND:AR000087623,132
240,",,S,",TMAX,2016-03-19T00:00:00,GHCND:AR000087623,216
241,",,S,",TMIN,2016-03-19T00:00:00,GHCND:AR000087623,42
242,"H,,S,",TAVG,2016-03-20T00:00:00,GHCND:AR000087623,141
243,",,S,",TMIN,2016-03-20T00:00:00,GHCND:AR000087623,53
244,"H,,S,",TAVG,2016-03-21T00:00:00,GHCND:AR000087623,162
245,",,S,",TMIN,2016-03-21T00:00:00,GHCND:AR000087623,72
246,"H,,S,",TAVG,2016-03-22T00:00:00,GHCND:AR000087623,203
247,",,S,",TMIN,2016-03-22T00:00:00,GHCND:AR000087623,112
248,"H,,S,",TAVG,2016-03-23T00:00:00,GHCND:AR000087623,265
249,"H,,S,",TAVG,2016-03-24T00:00:00,GHCND:AR000087623,197
250,",,S,",TMAX,2016-03-24T00:00:00,GHCND:AR000087623,325
251,",,S,",TMIN,2016-03-24T00:00:00,GHCND:AR000087623,157
252,"H,,S,",TAVG,2016-03-25T00:00:00,GHCND:AR000087623,160
253,",,S,",TMAX,2016-03-25T00:00:00,GHCND:AR000087623,227
254,",,S,",TMIN,2016-03-25T00:00:00,GHCND:AR000087623,115
255,"H,,S,",TAVG,2016-03-26T00:00:00,GHCND:AR000087623,148
256,",,S,",TMIN,2016-03-26T00:00:00,GHCND:AR000087623,75
257,"H,,S,",TAVG,2016-03-27T00:00:00,GHCND:AR000087623,180
258,",,S,",TMIN,2016-03-27T00:00:00,GHCND:AR000087623,99
259,"H,,S,",TAVG,2016-03-28T00:00:00,GHCND:AR000087623,204
260,",,S,",TMIN,2016-03-28T00:00:00,GHCND:AR000087623,117
261,"H,,S,",TAVG,2016-03-29T00:00:00,GHCND:AR000087623,214
262,",,S,",TMIN,2016-03-29T00:00:00,GHCND:AR000087623,128
263,"H,,S,",TAVG,2016-03-30T00:00:00,GHCND:AR000087623,232
264,",,S,",TMAX,2016-03-30T00:00:00,GHCND:AR000087623,317
265,",,S,",TMIN,2016-03-30T00:00:00,GHCND:AR000087623,162
266,"H,,S,",TAVG,2016-03-31T00:00:00,GHCND:AR000087623,229
267,",,S,",TMAX,2016-03-31T00:00:00,GHCND:AR000087623,319
268,",,S,",TMIN,2016-03-31T00:00:00,GHCND:AR000087623,185
269,",,S,",PRCP,2016-04-01T00:00:00,GHCND:AR000087623,71
270,"H,,S,",TAVG,2016-04-01T00:00:00,GHCND:AR000087623,188
271,",,S,",TMAX,2016-04-01T00:00:00,GHCND:AR000087623,270
272,",,S,",TMIN,2016-04-01T00:00:00,GHCND:AR000087623,169
273,",,S,",PRCP,2016-04-02T00:00:00,GHCND:AR000087623,41
274,"H,,S,",TAVG,2016-04-02T00:00:00,GHCND:AR000087623,184
275,",,S,",TMIN,2016-04-02T00:00:00,GHCND:AR000087623,160
276,",,S,",PRCP,2016-04-03T00:00:00,GHCND:AR000087623,0
277,"H,,S,",TAVG,2016-04-03T00:00:00,GHCND:AR000087623,168
278,",,S,",TMAX,2016-04-03T00:00:00,GHCND:AR000087623,224
279,",,S,",TMIN,2016-04-03T00:00:00,GHCND:AR000087623,130
280,",,S,",PRCP,2016-04-04T00:00:00,GHCND:AR000087623,231
281,"H,,S,",TAVG,2016-04-04T00:00:00,GHCND:AR000087623,151
282,",,S,",TMAX,2016-04-04T00:00:00,GHCND:AR000087623,204
283,",,S,",TMIN,2016-04-04T00:00:00,GHCND:AR000087623,136
284,",,S,",PRCP,2016-04-05T00:00:00,GHCND:AR000087623,119
285,"H,,S,",TAVG,2016-04-05T00:00:00,GHCND:AR000087623,142
286,",,S,",TMAX,2016-04-05T00:00:00,GHCND:AR000087623,171
287,",,S,",TMIN,2016-04-05T00:00:00,GHCND:AR000087623,114
288,",,S,",PRCP,2016-04-06T00:00:00,GHCND:AR000087623,0
289,"H,,S,",TAVG,2016-04-06T00:00:00,GHCND:AR000087623,171
290,",,S,",TMIN,2016-04-06T00:00:00,GHCND:AR000087623,118
291,"H,,S,",TAVG,2016-04-07T00:00:00,GHCND:AR000087623,162
292,",,S,",TMAX,2016-04-07T00:00:00,GHCND:AR000087623,236
293,",,S,",TMIN,2016-04-07T00:00:00,GHCND:AR000087623,114
294,",,S,",PRCP,2016-04-08T00:00:00,GHCND:AR000087623,61
295,"H,,S,",TAVG,2016-04-08T00:00:00,GHCND:AR000087623,158
296,",,S,",TMAX,2016-04-08T00:00:00,GHCND:AR000087623,233
297,",,S,",PRCP,2016-04-09T00:00:00,GHCND:AR000087623,10
298,"H,,S,",TAVG,2016-04-09T00:00:00,GHCND:AR000087623,146
299,",,S,",TMIN,2016-04-09T00:00:00,GHCND:AR000087623,111
300,",,S,",PRCP,2016-04-10T00:00:00,GHCND:AR000087623,0
301,"H,,S,",TAVG,2016-04-10T00:00:00,GHCND:AR000087623,119
302,",,S,",TMAX,2016-04-10T00:00:00,GHCND:AR000087623,202
303,",,S,",TMIN,2016-04-10T00:00:00,GHCND:AR000087623,66
304,"H,,S,",TAVG,2016-04-11T00:00:00,GHCND:AR000087623,119
305,",,S,",TMAX,2016-04-11T00:00:00,GHCND:AR000087623,166
306,",,S,",PRCP,2016-04-12T00:00:00,GHCND:AR000087623,0
307,"H,,S,",TAVG,2016-04-12T00:00:00,GHCND:AR000087623,147
308,",,S,",TMIN,2016-04-12T00:00:00,GHCND:AR000087623,79
309,",,S,",PRCP,2016-04-13T00:00:00,GHCND:AR000087623,439
310,"H,,S,",TAVG,2016-04-13T00:00:00,GHCND:AR000087623,171
311,",,S,",TMIN,2016-04-13T00:00:00,GHCND:AR000087623,124
312,",,S,",PRCP,2016-04-14T00:00:00,GHCND:AR000087623,0
313,"H,,S,",TAVG,2016-04-14T00:00:00,GHCND:AR000087623,179
314,",,S,",TMIN,2016-04-14T00:00:00,GHCND:AR000087623,98
315,"H,,S,",TAVG,2016-04-15T00:00:00,GHCND:AR000087623,194
316,",,S,",TMAX,2016-04-15T00:00:00,GHCND:AR000087623,262
317,",,S,",TMIN,2016-04-15T00:00:00,GHCND:AR000087623,135
318,",,S,",PRCP,2016-04-16T00:00:00,GHCND:AR000087623,0
319,"H,,S,",TAVG,2016-04-16T00:00:00,GHCND:AR000087623,178
320,",,S,",TMAX,2016-04-16T00:00:00,GHCND:AR000087623,258
321,",,S,",TMIN,2016-04-16T00:00:00,GHCND:AR000087623,146
322,",,S,",PRCP,2016-04-17T00:00:00,GHCND:AR000087623,99
323,"H,,S,",TAVG,2016-04-17T00:00:00,GHCND:AR000087623,117
324,",,S,",TMAX,2016-04-17T00:00:00,GHCND:AR000087623,204
325,",,S,",TMIN,2016-04-17T00:00:00,GHCND:AR000087623,96
326,",,S,",PRCP,2016-04-18T00:00:00,GHCND:AR000087623,71
327,"H,,S,",TAVG,2016-04-18T00:00:00,GHCND:AR000087623,121
328,",,S,",TMIN,2016-04-18T00:00:00,GHCND:AR000087623,98
329,",,S,",PRCP,2016-04-19T00:00:00,GHCND:AR000087623,0
330,"H,,S,",TAVG,2016-04-19T00:00:00,GHCND:AR000087623,142
331,",,S,",TMIN,2016-04-19T00:00:00,GHCND:AR000087623,77
332,"H,,S,",TAVG,2016-04-20T00:00:00,GHCND:AR000087623,168
333,",,S,",TMIN,2016-04-20T00:00:00,GHCND:AR000087623,91
334,"H,,S,",TAVG,2016-04-21T00:00:00,GHCND:AR000087623,161
335,",,S,",TMAX,2016-04-21T00:00:00,GHCND:AR000087623,265
336,",,S,",TMIN,2016-04-21T00:00:00,GHCND:AR000087623,94
337,"H,,S,",TAVG,2016-04-22T00:00:00,GHCND:AR000087623,139
338,",,S,",TMAX,2016-04-22T00:00:00,GHCND:AR000087623,212
339,",,S,",TMIN,2016-04-22T00:00:00,GHCND:AR000087623,93
340,"H,,S,",TAVG,2016-04-23T00:00:00,GHCND:AR000087623,146
341,",,S,",TMAX,2016-04-23T00:00:00,GHCND:AR000087623,193
342,",,S,",TMIN,2016-04-23T00:00:00,GHCND:AR000087623,87
343,",,S,",PRCP,2016-04-24T00:00:00,GHCND:AR000087623,5
344,"H,,S,",TAVG,2016-04-24T00:00:00,GHCND:AR000087623,119
345,",,S,",TMAX,2016-04-24T00:00:00,GHCND:AR000087623,189
346,",,S,",TMIN,2016-04-24T00:00:00,GHCND:AR000087623,104
347,",,S,",PRCP,2016-04-25T00:00:00,GHCND:AR000087623,5
348,"H,,S,",TAVG,2016-04-25T00:00:00,GHCND:AR000087623,101
349,",,S,",TMIN,2016-04-25T00:00:00,GHCND:AR000087623,59
350,",,S,",PRCP,2016-04-26T00:00:00,GHCND:AR000087623,0
351,"H,,S,",TAVG,2016-04-26T00:00:00,GHCND:AR000087623,78
352,",,S,",TMAX,2016-04-26T00:00:00,GHCND:AR000087623,137
353,",,S,",TMIN,2016-04-26T00:00:00,GHCND:AR000087623,38
354,"H,,S,",TAVG,2016-04-27T00:00:00,GHCND:AR000087623,59
355,",,S,",TMAX,2016-04-27T00:00:00,GHCND:AR000087623,117
356,",,S,",TMIN,2016-04-27T00:00:00,GHCND:AR000087623,-5
357,"H,,S,",TAVG,2016-04-28T00:00:00,GHCND:AR000087623,77
358,",,S,",TMIN,2016-04-28T00:00:00,GHCND:AR000087623,6
359,"H,,S,",TAVG,2016-04-29T00:00:00,GHCND:AR000087623,92
360,",,S,",TMAX,2016-04-29T00:00:00,GHCND:AR000087623,170
361,",,S,",TMIN,2016-04-29T00:00:00,GHCND:AR000087623,16
362,"H,,S,",TAVG,2016-04-30T00:00:00,GHCND:AR000087623,61
363,",,S,",TMIN,2016-04-30T00:00:00,GHCND:AR000087623,-23
364,"H,,S,",TAVG,2016-05-01T00:00:00,GHCND:AR000087623,99
365,",,S,",TMAX,2016-05-01T00:00:00,GHCND:AR000087623,163
366,",,S,",TMIN,2016-05-01T00:00:00,GHCND:AR000087623,-14
367,",,S,",PRCP,2016-05-02T00:00:00,GHCND:AR000087623,0
368,"H,,S,",TAVG,2016-05-02T00:00:00,GHCND:AR000087623,107
369,",,S,",TMAX,2016-05-02T00:00:00,GHCND:AR000087623,156
370,",,S,",TMIN,2016-05-02T00:00:00,GHCND:AR000087623,74
371,"H,,S,",TAVG,2016-05-03T00:00:00,GHCND:AR000087623,80
372,",,S,",TMIN,2016-05-03T00:00:00,GHCND:AR000087623,15
373,"H,,S,",TAVG,2016-05-04T00:00:00,GHCND:AR000087623,124
374,",,S,",TMAX,2016-05-04T00:00:00,GHCND:AR000087623,186
375,",,S,",TMIN,2016-05-04T00:00:00,GHCND:AR000087623,25
376,"H,,S,",TAVG,2016-05-05T00:00:00,GHCND:AR000087623,112
377,",,S,",TMAX,2016-05-05T00:00:00,GHCND:AR000087623,175
378,",,S,",TMIN,2016-05-05T00:00:00,GHCND:AR000087623,82
379,",,S,",PRCP,2016-05-06T00:00:00,GHCND:AR000087623,119
380,"H,,S,",TAVG,2016-05-06T00:00:00,GHCND:AR000087623,117
381,",,S,",TMAX,2016-05-06T00:00:00,GHCND:AR000087623,132
382,",,S,",TMIN,2016-05-06T00:00:00,GHCND:AR000087623,102
383,",,S,",PRCP,2016-05-07T00:00:00,GHCND:AR000087623,30
384,"H,,S,",TAVG,2016-05-07T00:00:00,GHCND:AR000087623,109
385,",,S,",TMAX,2016-05-07T00:00:00,GHCND:AR000087623,140
386,",,S,",TMIN,2016-05-07T00:00:00,GHCND:AR000087623,97
387,",,S,",PRCP,2016-05-08T00:00:00,GHCND:AR000087623,79
388,"H,,S,",TAVG,2016-05-08T00:00:00,GHCND:AR000087623,112
389,",,S,",TMIN,2016-05-08T00:00:00,GHCND:AR000087623,93
390,",,S,",PRCP,2016-05-09T00:00:00,GHCND:AR000087623,0
391,"H,,S,",TAVG,2016-05-09T00:00:00,GHCND:AR000087623,126
392,",,S,",TMIN,2016-05-09T00:00:00,GHCND:AR000087623,97
393,",,S,",PRCP,2016-05-10T00:00:00,GHCND:AR000087623,0
394,"H,,S,",TAVG,2016-05-10T00:00:00,GHCND:AR000087623,117
395,",,S,",TMAX,2016-05-10T00:00:00,GHCND:AR000087623,150
396,",,S,",TMIN,2016-05-10T00:00:00,GHCND:AR000087623,94
397,"H,,S,",TAVG,2016-05-11T00:00:00,GHCND:AR000087623,105
398,",,S,",TMIN,2016-05-11T00:00:00,GHCND:AR000087623,68
399,"H,,S,",TAVG,2016-05-12T00:00:00,GHCND:AR000087623,82
400,",,S,",TMAX,2016-05-12T00:00:00,GHCND:AR000087623,161
401,",,S,",TMIN,2016-05-12T00:00:00,GHCND:AR000087623,47
402,"H,,S,",TAVG,2016-05-13T00:00:00,GHCND:AR000087623,111
403,",,S,",TMIN,2016-05-13T00:00:00,GHCND:AR000087623,58
404,"H,,S,",TAVG,2016-05-14T00:00:00,GHCND:AR000087623,116
405,",,S,",TMAX,2016-05-14T00:00:00,GHCND:AR000087623,164
406,",,S,",TMIN,2016-05-14T00:00:00,GHCND:AR000087623,83
407,",,S,",PRCP,2016-05-15T00:00:00,GHCND:AR000087623,160
408,"H,,S,",TAVG,2016-05-15T00:00:00,GHCND:AR000087623,118
409,",,S,",TMAX,2016-05-15T00:00:00,GHCND:AR000087623,136
410,",,S,",TMIN,2016-05-15T00:00:00,GHCND:AR000087623,99
411,",,S,",PRCP,2016-05-16T00:00:00,GHCND:AR000087623,5
412,"H,,S,",TAVG,2016-05-16T00:00:00,GHCND:AR000087623,80
413,",,S,",TMAX,2016-05-16T00:00:00,GHCND:AR000087623,142
414,",,S,",TMIN,2016-05-16T00:00:00,GHCND:AR000087623,36
415,",,S,",PRCP,2016-05-17T00:00:00,GHCND:AR000087623,0
416,"H,,S,",TAVG,2016-05-17T00:00:00,GHCND:AR000087623,58
417,",,S,",TMAX,2016-05-17T00:00:00,GHCND:AR000087623,118
418,",,S,",TMIN,2016-05-17T00:00:00,GHCND:AR000087623,30
419,"H,,S,",TAVG,2016-05-18T00:00:00,GHCND:AR000087623,74
420,",,S,",TMIN,2016-05-18T00:00:00,GHCND:AR000087623,32
421,",,S,",PRCP,2016-05-19T00:00:00,GHCND:AR000087623,20
422,"H,,S,",TAVG,2016-05-19T00:00:00,GHCND:AR000087623,94
423,",,S,",TMIN,2016-05-19T00:00:00,GHCND:AR000087623,58
424,",,S,",PRCP,2016-05-20T00:00:00,GHCND:AR000087623,10
425,"H,,S,",TAVG,2016-05-20T00:00:00,GHCND:AR000087623,97
426,",,S,",TMAX,2016-05-20T00:00:00,GHCND:AR000087623,125
427,",,S,",TMIN,2016-05-20T00:00:00,GHCND:AR000087623,60
428,",,S,",PRCP,2016-05-21T00:00:00,GHCND:AR000087623,0
429,"H,,S,",TAVG,2016-05-21T00:00:00,GHCND:AR000087623,74
430,",,S,",TMAX,2016-05-21T00:00:00,GHCND:AR000087623,123
431,",,S,",TMIN,2016-05-21T00:00:00,GHCND:AR000087623,11
432,"H,,S,",TAVG,2016-05-22T00:00:00,GHCND:AR000087623,70
433,",,S,",TMIN,2016-05-22T00:00:00,GHCND:AR000087623,-14
434,"H,,S,",TAVG,2016-05-23T00:00:00,GHCND:AR000087623,84
435,",,S,",TMAX,2016-05-23T00:00:00,GHCND:AR000087623,181
436,",,S,",TMIN,2016-05-23T00:00:00,GHCND:AR000087623,-2
437,"H,,S,",TAVG,2016-05-24T00:00:00,GHCND:AR000087623,99
438,",,S,",TMAX,2016-05-24T00:00:00,GHCND:AR000087623,183
439,",,S,",TMIN,2016-05-24T00:00:00,GHCND:AR000087623,20
440,"H,,S,",TAVG,2016-05-25T00:00:00,GHCND:AR000087623,78
441,",,S,",TMAX,2016-05-25T00:00:00,GHCND:AR000087623,155
442,",,S,",TMIN,2016-05-25T00:00:00,GHCND:AR000087623,37
443,",,S,",PRCP,2016-05-26T00:00:00,GHCND:AR000087623,0
444,"H,,S,",TAVG,2016-05-26T00:00:00,GHCND:AR000087623,103
445,",,S,",TMAX,2016-05-26T00:00:00,GHCND:AR000087623,156
446,",,S,",TMIN,2016-05-26T00:00:00,GHCND:AR000087623,40
447,",,S,",PRCP,2016-05-27T00:00:00,GHCND:AR000087623,0
448,"H,,S,",TAVG,2016-05-27T00:00:00,GHCND:AR000087623,99
449,",,S,",TMAX,2016-05-27T00:00:00,GHCND:AR000087623,122
450,",,S,",TMIN,2016-05-27T00:00:00,GHCND:AR000087623,85
451,",,S,",PRCP,2016-05-28T00:00:00,GHCND:AR000087623,61
452,"H,,S,",TAVG,2016-05-28T00:00:00,GHCND:AR000087623,100
453,",,S,",TMIN,2016-05-28T00:00:00,GHCND:AR000087623,87
454,",,S,",PRCP,2016-05-29T00:00:00,GHCND:AR000087623,5
455,"H,,S,",TAVG,2016-05-29T00:00:00,GHCND:AR000087623,103
456,",,S,",TMAX,2016-05-29T00:00:00,GHCND:AR000087623,130
457,",,S,",TMIN,2016-05-29T00:00:00,GHCND:AR000087623,81
458,",,S,",PRCP,2016-05-30T00:00:00,GHCND:AR000087623,79
459,"H,,S,",TAVG,2016-05-30T00:00:00,GHCND:AR000087623,112
460,",,S,",TMAX,2016-05-30T00:00:00,GHCND:AR000087623,121
461,",,S,",TMIN,2016-05-30T00:00:00,GHCND:AR000087623,93
462,",,S,",PRCP,2016-05-31T00:00:00,GHCND:AR000087623,3
463,"H,,S,",TAVG,2016-05-31T00:00:00,GHCND:AR000087623,104
464,",,S,",TMIN,2016-05-31T00:00:00,GHCND:AR000087623,87
465,",,S,",PRCP,2016-06-01T00:00:00,GHCND:AR000087623,0
466,"H,,S,",TAVG,2016-06-01T00:00:00,GHCND:AR000087623,91
467,",,S,",TMAX,2016-06-01T00:00:00,GHCND:AR000087623,137
468,",,S,",TMIN,2016-06-01T00:00:00,GHCND:AR000087623,70
469,",,S,",PRCP,2016-06-02T00:00:00,GHCND:AR000087623,79
470,"H,,S,",TAVG,2016-06-02T00:00:00,GHCND:AR000087623,85
471,",,S,",TMAX,2016-06-02T00:00:00,GHCND:AR000087623,122
472,",,S,",TMIN,2016-06-02T00:00:00,GHCND:AR000087623,63
473,",,S,",PRCP,2016-06-03T00:00:00,GHCND:AR000087623,0
474,"H,,S,",TAVG,2016-06-03T00:00:00,GHCND:AR000087623,67
475,",,S,",TMAX,2016-06-03T00:00:00,GHCND:AR000087623,115
476,",,S,",TMIN,2016-06-03T00:00:00,GHCND:AR000087623,19
477,"H,,S,",TAVG,2016-06-04T00:00:00,GHCND:AR000087623,81
478,",,S,",TMIN,2016-06-04T00:00:00,GHCND:AR000087623,23
479,",,S,",PRCP,2016-06-05T00:00:00,GHCND:AR000087623,0
480,"H,,S,",TAVG,2016-06-05T00:00:00,GHCND:AR000087623,88
481,",,S,",TMIN,2016-06-05T00:00:00,GHCND:AR000087623,49
482,",,S,",PRCP,2016-06-06T00:00:00,GHCND:AR000087623,0
483,"H,,S,",TAVG,2016-06-06T00:00:00,GHCND:AR000087623,77
484,",,S,",TMIN,2016-06-06T00:00:00,GHCND:AR000087623,19
485,"H,,S,",TAVG,2016-06-07T00:00:00,GHCND:AR000087623,101
486,",,S,",TMAX,2016-06-07T00:00:00,GHCND:AR000087623,155
487,",,S,",TMIN,2016-06-07T00:00:00,GHCND:AR000087623,27
488,"H,,S,",TAVG,2016-06-08T00:00:00,GHCND:AR000087623,54
489,",,S,",TMIN,2016-06-08T00:00:00,GHCND:AR000087623,-7
490,"H,,S,",TAVG,2016-06-09T00:00:00,GHCND:AR000087623,56
491,",,S,",TMAX,2016-06-09T00:00:00,GHCND:AR000087623,163
492,",,S,",TMIN,2016-06-09T00:00:00,GHCND:AR000087623,-1
493,"H,,S,",TAVG,2016-06-10T00:00:00,GHCND:AR000087623,46
494,",,S,",TMAX,2016-06-10T00:00:00,GHCND:AR000087623,111
495,",,S,",TMIN,2016-06-10T00:00:00,GHCND:AR000087623,-20
496,"H,,S,",TAVG,2016-06-11T00:00:00,GHCND:AR000087623,52
497,",,S,",TMIN,2016-06-11T00:00:00,GHCND:AR000087623,-15
498,"H,,S,",TAVG,2016-06-12T00:00:00,GHCND:AR000087623,61
499,",,S,",TMIN,2016-06-12T00:00:00,GHCND:AR000087623,-16
500,"H,,S,",TAVG,2016-06-13T00:00:00,GHCND:AR000087623,89
501,",,S,",TMAX,2016-06-13T00:00:00,GHCND:AR000087623,170
502,",,S,",TMIN,2016-06-13T00:00:00,GHCND:AR000087623,-9
503,"H,,S,",TAVG,2016-06-14T00:00:00,GHCND:AR000087623,81
504,",,S,",TMAX,2016-06-14T00:00:00,GHCND:AR000087623,164
505,",,S,",TMIN,2016-06-14T00:00:00,GHCND:AR000087623,32
506,",,S,",PRCP,2016-06-15T00:00:00,GHCND:AR000087623,0
507,"H,,S,",TAVG,2016-06-15T00:00:00,GHCND:AR000087623,102
508,",,S,",TMIN,2016-06-15T00:00:00,GHCND:AR000087623,43
509,"H,,S,",TAVG,2016-06-16T00:00:00,GHCND:AR000087623,85
510,",,S,",TMIN,2016-06-16T00:00:00,GHCND:AR000087623,15
511,"H,,S,",TAVG,2016-06-17T00:00:00,GHCND:AR000087623,76
512,",,S,",TMAX,2016-06-17T00:00:00,GHCND:AR000087623,170
513,",,S,",TMIN,2016-06-17T00:00:00,GHCND:AR000087623,-10
514,"H,,S,",TAVG,2016-06-18T00:00:00,GHCND:AR000087623,87
515,",,S,",TMAX,2016-06-18T00:00:00,GHCND:AR000087623,177
516,",,S,",TMIN,2016-06-18T00:00:00,GHCND:AR000087623,2
517,"H,,S,",TAVG,2016-06-19T00:00:00,GHCND:AR000087623,76
518,",,S,",TMAX,2016-06-19T00:00:00,GHCND:AR000087623,176
519,",,S,",TMIN,2016-06-19T00:00:00,GHCND:AR000087623,16
520,"H,,S,",TAVG,2016-06-20T00:00:00,GHCND:AR000087623,71
521,",,S,",TMIN,2016-06-20T00:00:00,GHCND:AR000087623,20
522,"H,,S,",TAVG,2016-06-21T00:00:00,GHCND:AR000087623,63
523,",,S,",TMAX,2016-06-21T00:00:00,GHCND:AR000087623,146
524,",,S,",TMIN,2016-06-21T00:00:00,GHCND:AR000087623,19
525,"H,,S,",TAVG,2016-06-22T00:00:00,GHCND:AR000087623,69
526,",,S,",TMIN,2016-06-22T00:00:00,GHCND:AR000087623,-6
527,"H,,S,",TAVG,2016-06-23T00:00:00,GHCND:AR000087623,48
528,",,S,",TMAX,2016-06-23T00:00:00,GHCND:AR000087623,163
529,",,S,",TMIN,2016-06-23T00:00:00,GHCND:AR000087623,-20
530,"H,,S,",TAVG,2016-06-24T00:00:00,GHCND:AR000087623,72
531,",,S,",TMAX,2016-06-24T00:00:00,GHCND:AR000087623,143
532,",,S,",TMIN,2016-06-24T00:00:00,GHCND:AR000087623,-8
533,"H,,S,",TAVG,2016-06-25T00:00:00,GHCND:AR000087623,64
534,",,S,",TMAX,2016-06-25T00:00:00,GHCND:AR000087623,140
535,",,S,",TMIN,2016-06-25T00:00:00,GHCND:AR000087623,5
536,"H,,S,",TAVG,2016-06-26T00:00:00,GHCND:AR000087623,34
537,",,S,",TMAX,2016-06-26T00:00:00,GHCND:AR000087623,119
538,",,S,",TMIN,2016-06-26T00:00:00,GHCND:AR000087623,-21
539,",,S,",PRCP,2016-06-27T00:00:00,GHCND:AR000087623,89
540,"H,,S,",TAVG,2016-06-27T00:00:00,GHCND:AR000087623,69
541,",,S,",TMAX,2016-06-27T00:00:00,GHCND:AR000087623,105
542,",,S,",TMIN,2016-06-27T00:00:00,GHCND:AR000087623,-15
543,",,S,",PRCP,2016-06-28T00:00:00,GHCND:AR000087623,89
544,"H,,S,",TAVG,2016-06-28T00:00:00,GHCND:AR000087623,73
545,",,S,",TMIN,2016-06-28T00:00:00,GHCND:AR000087623,50
546,",,S,",PRCP,2016-06-29T00:00:00,GHCND:AR000087623,20
547,"H,,S,",TAVG,2016-06-29T00:00:00,GHCND:AR000087623,89
548,",,S,",TMIN,2016-06-29T00:00:00,GHCND:AR000087623,34
549,",,S,",PRCP,2016-06-30T00:00:00,GHCND:AR000087623,0
550,"H,,S,",TAVG,2016-06-30T00:00:00,GHCND:AR000087623,80
551,",,S,",TMAX,2016-06-30T00:00:00,GHCND:AR000087623,168
552,",,S,",TMIN,2016-06-30T00:00:00,GHCND:AR000087623,32
553,"H,,S,",TAVG,2016-07-01T00:00:00,GHCND:AR000087623,78
554,",,S,",TMAX,2016-07-01T00:00:00,GHCND:AR000087623,133
555,",,S,",TMIN,2016-07-01T00:00:00,GHCND:AR000087623,54
556,"H,,S,",TAVG,2016-07-02T00:00:00,GHCND:AR000087623,71
557,",,S,",TMAX,2016-07-02T00:00:00,GHCND:AR000087623,96
558,",,S,",PRCP,2016-07-03T00:00:00,GHCND:AR000087623,61
559,"H,,S,",TAVG,2016-07-03T00:00:00,GHCND:AR000087623,77
560,",,S,",TMIN,2016-07-03T00:00:00,GHCND:AR000087623,60
561,",,S,",PRCP,2016-07-04T00:00:00,GHCND:AR000087623,0
562,"H,,S,",TAVG,2016-07-04T00:00:00,GHCND:AR000087623,86
563,",,S,",TMIN,2016-07-04T00:00:00,GHCND:AR000087623,59
564,"H,,S,",TAVG,2016-07-05T00:00:00,GHCND:AR000087623,61
565,",,S,",TMIN,2016-07-05T00:00:00,GHCND:AR000087623,-16
566,"H,,S,",TAVG,2016-07-06T00:00:00,GHCND:AR000087623,80
567,",,S,",TMIN,2016-07-06T00:00:00,GHCND:AR000087623,-10
568,"H,,S,",TAVG,2016-07-07T00:00:00,GHCND:AR000087623,96
569,",,S,",TMIN,2016-07-07T00:00:00,GHCND:AR000087623,26
570,"H,,S,",TAVG,2016-07-08T00:00:00,GHCND:AR000087623,103
571,",,S,",TMAX,2016-07-08T00:00:00,GHCND:AR000087623,202
572,",,S,",TMIN,2016-07-08T00:00:00,GHCND:AR000087623,5
573,"H,,S,",TAVG,2016-07-09T00:00:00,GHCND:AR000087623,82
574,",,S,",TMAX,2016-07-09T00:00:00,GHCND:AR000087623,196
575,",,S,",TMIN,2016-07-09T00:00:00,GHCND:AR000087623,7
576,",,S,",PRCP,2016-07-10T00:00:00,GHCND:AR000087623,0
577,"H,,S,",TAVG,2016-07-10T00:00:00,GHCND:AR000087623,72
578,",,S,",TMAX,2016-07-10T00:00:00,GHCND:AR000087623,160
579,",,S,",TMIN,2016-07-10T00:00:00,GHCND:AR000087623,45
580,"H,,S,",TAVG,2016-07-11T00:00:00,GHCND:AR000087623,87
581,",,S,",TMIN,2016-07-11T00:00:00,GHCND:AR000087623,60
582,"H,,S,",TAVG,2016-07-12T00:00:00,GHCND:AR000087623,84
583,"H,,S,",TAVG,2016-07-13T00:00:00,GHCND:AR000087623,94
584,",,S,",TMAX,2016-07-13T00:00:00,GHCND:AR000087623,163
585,",,S,",TMIN,2016-07-13T00:00:00,GHCND:AR000087623,14
586,"H,,S,",TAVG,2016-07-14T00:00:00,GHCND:AR000087623,81
587,",,S,",TMAX,2016-07-14T00:00:00,GHCND:AR000087623,159
588,",,S,",TMIN,2016-07-14T00:00:00,GHCND:AR000087623,45
589,"H,,S,",TAVG,2016-07-15T00:00:00,GHCND:AR000087623,54
590,",,S,",TMAX,2016-07-15T00:00:00,GHCND:AR000087623,113
591,",,S,",TMIN,2016-07-15T00:00:00,GHCND:AR000087623,6
592,"H,,S,",TAVG,2016-07-16T00:00:00,GHCND:AR000087623,64
593,",,S,",TMAX,2016-07-16T00:00:00,GHCND:AR000087623,102
594,",,S,",TMIN,2016-07-16T00:00:00,GHCND:AR000087623,30
595,"H,,S,",TAVG,2016-07-17T00:00:00,GHCND:AR000087623,29
596,",,S,",TMIN,2016-07-17T00:00:00,GHCND:AR000087623,-16
597,"H,,S,",TAVG,2016-07-18T00:00:00,GHCND:AR000087623,61
598,",,S,",TMIN,2016-07-18T00:00:00,GHCND:AR000087623,-7
599,"H,,S,",TAVG,2016-07-19T00:00:00,GHCND:AR000087623,40
600,",,S,",TMIN,2016-07-19T00:00:00,GHCND:AR000087623,-15
601,"H,,S,",TAVG,2016-07-20T00:00:00,GHCND:AR000087623,72
602,",,S,",TMAX,2016-07-20T00:00:00,GHCND:AR000087623,137
603,",,S,",TMIN,2016-07-20T00:00:00,GHCND:AR000087623,-6
604,"H,,S,",TAVG,2016-07-21T00:00:00,GHCND:AR000087623,71
605,",,S,",TMAX,2016-07-21T00:00:00,GHCND:AR000087623,142
606,",,S,",TMIN,2016-07-21T00:00:00,GHCND:AR000087623,19
607,"H,,S,",TAVG,2016-07-22T00:00:00,GHCND:AR000087623,74
608,",,S,",TMIN,2016-07-22T00:00:00,GHCND:AR000087623,18
609,"H,,S,",TAVG,2016-07-23T00:00:00,GHCND:AR000087623,88
610,",,S,",TMAX,2016-07-23T00:00:00,GHCND:AR000087623,153
611,",,S,",TMIN,2016-07-23T00:00:00,GHCND:AR000087623,21
612,"H,,S,",TAVG,2016-07-24T00:00:00,GHCND:AR000087623,79
613,",,S,",TMAX,2016-07-24T00:00:00,GHCND:AR000087623,127
614,",,S,",TMIN,2016-07-24T00:00:00,GHCND:AR000087623,29
615,",,S,",PRCP,2016-07-25T00:00:00,GHCND:AR000087623,41
616,"H,,S,",TAVG,2016-07-25T00:00:00,GHCND:AR000087623,67
617,",,S,",TMAX,2016-07-25T00:00:00,GHCND:AR000087623,126
618,",,S,",TMIN,2016-07-25T00:00:00,GHCND:AR000087623,36
619,",,S,",PRCP,2016-07-26T00:00:00,GHCND:AR000087623,79
620,"H,,S,",TAVG,2016-07-26T00:00:00,GHCND:AR000087623,50
621,",,S,",TMIN,2016-07-26T00:00:00,GHCND:AR000087623,32
622,",,S,",PRCP,2016-07-27T00:00:00,GHCND:AR000087623,0
623,"H,,S,",TAVG,2016-07-27T00:00:00,GHCND:AR000087623,54
624,",,S,",TMAX,2016-07-27T00:00:00,GHCND:AR000087623,76
625,",,S,",TMIN,2016-07-27T00:00:00,GHCND:AR000087623,35
626,"H,,S,",TAVG,2016-07-28T00:00:00,GHCND:AR000087623,61
627,",,S,",TMIN,2016-07-28T00:00:00,GHCND:AR000087623,30
628,"H,,S,",TAVG,2016-07-29T00:00:00,GHCND:AR000087623,83
629,",,S,",TMIN,2016-07-29T00:00:00,GHCND:AR000087623,39
630,"H,,S,",TAVG,2016-07-30T00:00:00,GHCND:AR000087623,65
631,",,S,",TMAX,2016-07-30T00:00:00,GHCND:AR000087623,150
632,",,S,",TMIN,2016-07-30T00:00:00,GHCND:AR000087623,17
633,"H,,S,",TAVG,2016-07-31T00:00:00,GHCND:AR000087623,87
634,",,S,",TMAX,2016-07-31T00:00:00,GHCND:AR000087623,153
635,",,S,",TMIN,2016-07-31T00:00:00,GHCND:AR000087623,15
636,"H,,S,",TAVG,2016-08-01T00:00:00,GHCND:AR000087623,85
637,",,S,",TMIN,2016-08-01T00:00:00,GHCND:AR000087623,15
638,"H,,S,",TAVG,2016-08-02T00:00:00,GHCND:AR000087623,80
639,",,S,",TMAX,2016-08-02T00:00:00,GHCND:AR000087623,166
640,",,S,",TMIN,2016-08-02T00:00:00,GHCND:AR000087623,10
641,"H,,S,",TAVG,2016-08-03T00:00:00,GHCND:AR000087623,96
642,",,S,",TMAX,2016-08-03T00:00:00,GHCND:AR000087623,165
643,",,S,",TMIN,2016-08-03T00:00:00,GHCND:AR000087623,48
644,"H,,S,",TAVG,2016-08-04T00:00:00,GHCND:AR000087623,88
645,",,S,",TMIN,2016-08-04T00:00:00,GHCND:AR000087623,23
646,"H,,S,",TAVG,2016-08-05T00:00:00,GHCND:AR000087623,98
647,",,S,",TMIN,2016-08-05T00:00:00,GHCND:AR000087623,33
648,"H,,S,",TAVG,2016-08-06T00:00:00,GHCND:AR000087623,103
649,",,S,",TMIN,2016-08-06T00:00:00,GHCND:AR000087623,21
650,"H,,S,",TAVG,2016-08-07T00:00:00,GHCND:AR000087623,107
651,",,S,",TMAX,2016-08-07T00:00:00,GHCND:AR000087623,202
652,",,S,",TMIN,2016-08-07T00:00:00,GHCND:AR000087623,34
653,"H,,S,",TAVG,2016-08-08T00:00:00,GHCND:AR000087623,137
654,",,S,",TMAX,2016-08-08T00:00:00,GHCND:AR000087623,204
655,",,S,",TMIN,2016-08-08T00:00:00,GHCND:AR000087623,67
656,"H,,S,",TAVG,2016-08-09T00:00:00,GHCND:AR000087623,104
657,",,S,",TMIN,2016-08-09T00:00:00,GHCND:AR000087623,13
658,"H,,S,",TAVG,2016-08-10T00:00:00,GHCND:AR000087623,133
659,",,S,",TMIN,2016-08-10T00:00:00,GHCND:AR000087623,19
660,"H,,S,",TAVG,2016-08-11T00:00:00,GHCND:AR000087623,143
661,",,S,",TMAX,2016-08-11T00:00:00,GHCND:AR000087623,233
662,",,S,",TMIN,2016-08-11T00:00:00,GHCND:AR000087623,65
663,"H,,S,",TAVG,2016-08-12T00:00:00,GHCND:AR000087623,108
664,",,S,",TMAX,2016-08-12T00:00:00,GHCND:AR000087623,217
665,",,S,",TMIN,2016-08-12T00:00:00,GHCND:AR000087623,34
666,"H,,S,",TAVG,2016-08-13T00:00:00,GHCND:AR000087623,147
667,",,S,",TMIN,2016-08-13T00:00:00,GHCND:AR000087623,53
668,"H,,S,",TAVG,2016-08-14T00:00:00,GHCND:AR000087623,133
669,",,S,",TMAX,2016-08-14T00:00:00,GHCND:AR000087623,210
670,",,S,",TMIN,2016-08-14T00:00:00,GHCND:AR000087623,65
671,"H,,S,",TAVG,2016-08-15T00:00:00,GHCND:AR000087623,126
672,",,S,",TMAX,2016-08-15T00:00:00,GHCND:AR000087623,213
673,",,S,",TMIN,2016-08-15T00:00:00,GHCND:AR000087623,50
674,",,S,",PRCP,2016-08-16T00:00:00,GHCND:AR000087623,0
675,"H,,S,",TAVG,2016-08-16T00:00:00,GHCND:AR000087623,115
676,",,S,",TMIN,2016-08-16T00:00:00,GHCND:AR000087623,33
677,"H,,S,",TAVG,2016-08-17T00:00:00,GHCND:AR000087623,120
678,",,S,",TMAX,2016-08-17T00:00:00,GHCND:AR000087623,208
679,",,S,",TMIN,2016-08-17T00:00:00,GHCND:AR000087623,40
680,"H,,S,",TAVG,2016-08-18T00:00:00,GHCND:AR000087623,101
681,",,S,",TMAX,2016-08-18T00:00:00,GHCND:AR000087623,186
682,",,S,",TMIN,2016-08-18T00:00:00,GHCND:AR000087623,16
683,"H,,S,",TAVG,2016-08-19T00:00:00,GHCND:AR000087623,83
684,",,S,",TMAX,2016-08-19T00:00:00,GHCND:AR000087623,177
685,",,S,",TMIN,2016-08-19T00:00:00,GHCND:AR000087623,12
686,",,S,",PRCP,2016-08-20T00:00:00,GHCND:AR000087623,0
687,"H,,S,",TAVG,2016-08-20T00:00:00,GHCND:AR000087623,65
688,",,S,",TMAX,2016-08-20T00:00:00,GHCND:AR000087623,158
689,",,S,",TMIN,2016-08-20T00:00:00,GHCND:AR000087623,34
690,",,S,",PRCP,2016-08-21T00:00:00,GHCND:AR000087623,0
691,"H,,S,",TAVG,2016-08-21T00:00:00,GHCND:AR000087623,51
692,",,S,",TMIN,2016-08-21T00:00:00,GHCND:AR000087623,-27
693,"H,,S,",TAVG,2016-08-22T00:00:00,GHCND:AR000087623,136
694,",,S,",TMIN,2016-08-22T00:00:00,GHCND:AR000087623,32
695,"H,,S,",TAVG,2016-08-23T00:00:00,GHCND:AR000087623,151
696,",,S,",TMIN,2016-08-23T00:00:00,GHCND:AR000087623,29
697,"H,,S,",TAVG,2016-08-24T00:00:00,GHCND:AR000087623,141
698,",,S,",TMAX,2016-08-24T00:00:00,GHCND:AR000087623,274
699,",,S,",TMIN,2016-08-24T00:00:00,GHCND:AR000087623,44
700,"H,,S,",TAVG,2016-08-25T00:00:00,GHCND:AR000087623,152
701,",,S,",TMIN,2016-08-25T00:00:00,GHCND:AR000087623,44
702,"H,,S,",TAVG,2016-08-26T00:00:00,GHCND:AR000087623,151
703,",,S,",TMAX,2016-08-26T00:00:00,GHCND:AR000087623,273
704,",,S,",TMIN,2016-08-26T00:00:00,GHCND:AR000087623,79
705,"H,,S,",TAVG,2016-08-27T00:00:00,GHCND:AR000087623,103
706,",,S,",TMAX,2016-08-27T00:00:00,GHCND:AR000087623,192
707,",,S,",TMIN,2016-08-27T00:00:00,GHCND:AR000087623,40
708,"H,,S,",TAVG,2016-08-28T00:00:00,GHCND:AR000087623,78
709,",,S,",TMAX,2016-08-28T00:00:00,GHCND:AR000087623,146
710,",,S,",TMIN,2016-08-28T00:00:00,GHCND:AR000087623,5
711,"H,,S,",TAVG,2016-08-29T00:00:00,GHCND:AR000087623,69
712,",,S,",TMIN,2016-08-29T00:00:00,GHCND:AR000087623,-15
713,"H,,S,",TAVG,2016-08-30T00:00:00,GHCND:AR000087623,137
714,",,S,",TMIN,2016-08-30T00:00:00,GHCND:AR000087623,26
715,"H,,S,",TAVG,2016-08-31T00:00:00,GHCND:AR000087623,122
716,",,S,",TMAX,2016-08-31T00:00:00,GHCND:AR000087623,253
717,",,S,",TMIN,2016-08-31T00:00:00,GHCND:AR000087623,65
718,"H,,S,",TAVG,2016-09-01T00:00:00,GHCND:AR000087623,86
719,",,S,",TMIN,2016-09-01T00:00:00,GHCND:AR000087623,-20
720,"H,,S,",TAVG,2016-09-02T00:00:00,GHCND:AR000087623,69
721,",,S,",TMAX,2016-09-02T00:00:00,GHCND:AR000087623,171
722,",,S,",TMIN,2016-09-02T00:00:00,GHCND:AR000087623,-20
723,"H,,S,",TAVG,2016-09-03T00:00:00,GHCND:AR000087623,67
724,",,S,",TMAX,2016-09-03T00:00:00,GHCND:AR000087623,144
725,",,S,",TMIN,2016-09-03T00:00:00,GHCND:AR000087623,8
726,",,S,",PRCP,2016-09-04T00:00:00,GHCND:AR000087623,0
727,"H,,S,",TAVG,2016-09-04T00:00:00,GHCND:AR000087623,49
728,",,S,",TMAX,2016-09-04T00:00:00,GHCND:AR000087623,132
729,",,S,",TMIN,2016-09-04T00:00:00,GHCND:AR000087623,-16
730,"H,,S,",TAVG,2016-09-05T00:00:00,GHCND:AR000087623,49
731,",,S,",TMAX,2016-09-05T00:00:00,GHCND:AR000087623,118
732,",,S,",TMIN,2016-09-05T00:00:00,GHCND:AR000087623,-28
733,"H,,S,",TAVG,2016-09-06T00:00:00,GHCND:AR000087623,64
734,",,S,",TMIN,2016-09-06T00:00:00,GHCND:AR000087623,-31
735,"H,,S,",TAVG,2016-09-07T00:00:00,GHCND:AR000087623,89
736,",,S,",TMIN,2016-09-07T00:00:00,GHCND:AR000087623,-31
737,"H,,S,",TAVG,2016-09-08T00:00:00,GHCND:AR000087623,154
738,",,S,",TMIN,2016-09-08T00:00:00,GHCND:AR000087623,35
739,"H,,S,",TAVG,2016-09-09T00:00:00,GHCND:AR000087623,159
740,",,S,",TMIN,2016-09-09T00:00:00,GHCND:AR000087623,84
741,"H,,S,",TAVG,2016-09-10T00:00:00,GHCND:AR000087623,157
742,",,S,",TMIN,2016-09-10T00:00:00,GHCND:AR000087623,78
743,"H,,S,",TAVG,2016-09-11T00:00:00,GHCND:AR000087623,153
744,",,S,",TMIN,2016-09-11T00:00:00,GHCND:AR000087623,64
745,",,S,",PRCP,2016-09-12T00:00:00,GHCND:AR000087623,0
746,"H,,S,",TAVG,2016-09-12T00:00:00,GHCND:AR000087623,159
747,",,S,",TMAX,2016-09-12T00:00:00,GHCND:AR000087623,270
748,",,S,",TMIN,2016-09-12T00:00:00,GHCND:AR000087623,84
749,",,S,",PRCP,2016-09-13T00:00:00,GHCND:AR000087623,0
750,"H,,S,",TAVG,2016-09-13T00:00:00,GHCND:AR000087623,144
751,",,S,",TMAX,2016-09-13T00:00:00,GHCND:AR000087623,218
752,",,S,",TMIN,2016-09-13T00:00:00,GHCND:AR000087623,88
753,"H,,S,",TAVG,2016-09-14T00:00:00,GHCND:AR000087623,123
754,",,S,",TMAX,2016-09-14T00:00:00,GHCND:AR000087623,202
755,",,S,",TMIN,2016-09-14T00:00:00,GHCND:AR000087623,64
756,"H,,S,",TAVG,2016-09-15T00:00:00,GHCND:AR000087623,145
757,",,S,",TMIN,2016-09-15T00:00:00,GHCND:AR000087623,55
758,"H,,S,",TAVG,2016-09-16T00:00:00,GHCND:AR000087623,148
759,",,S,",TMAX,2016-09-16T00:00:00,GHCND:AR000087623,256
760,",,S,",TMIN,2016-09-16T00:00:00,GHCND:AR000087623,94
761,",,S,",PRCP,2016-09-17T00:00:00,GHCND:AR000087623,0
762,"H,,S,",TAVG,2016-09-17T00:00:00,GHCND:AR000087623,129
763,",,S,",TMAX,2016-09-17T00:00:00,GHCND:AR000087623,186
764,",,S,",TMIN,2016-09-17T00:00:00,GHCND:AR000087623,68
765,",,S,",PRCP,2016-09-18T00:00:00,GHCND:AR000087623,51
766,"H,,S,",TAVG,2016-09-18T00:00:00,GHCND:AR000087623,120
767,",,S,",TMIN,2016-09-18T00:00:00,GHCND:AR000087623,47
768,",,S,",PRCP,2016-09-19T00:00:00,GHCND:AR000087623,0
769,"H,,S,",TAVG,2016-09-19T00:00:00,GHCND:AR000087623,97
770,",,S,",TMAX,2016-09-19T00:00:00,GHCND:AR000087623,196
771,",,S,",TMIN,2016-09-19T00:00:00,GHCND:AR000087623,29
772,"H,,S,",TAVG,2016-09-20T00:00:00,GHCND:AR000087623,157
773,",,S,",TMIN,2016-09-20T00:00:00,GHCND:AR000087623,64
774,"H,,S,",TAVG,2016-09-21T00:00:00,GHCND:AR000087623,178
775,",,S,",TMIN,2016-09-21T00:00:00,GHCND:AR000087623,90
776,"H,,S,",TAVG,2016-09-22T00:00:00,GHCND:AR000087623,166
777,",,S,",TMAX,2016-09-22T00:00:00,GHCND:AR000087623,284
778,",,S,",TMIN,2016-09-22T00:00:00,GHCND:AR000087623,110
779,"H,,S,",TAVG,2016-09-23T00:00:00,GHCND:AR000087623,101
780,",,S,",TMAX,2016-09-23T00:00:00,GHCND:AR000087623,223
781,",,S,",TMIN,2016-09-23T00:00:00,GHCND:AR000087623,-5
782,"H,,S,",TAVG,2016-09-24T00:00:00,GHCND:AR000087623,123
783,",,S,",TMIN,2016-09-24T00:00:00,GHCND:AR000087623,21
784,"H,,S,",TAVG,2016-09-25T00:00:00,GHCND:AR000087623,142
785,",,S,",TMIN,2016-09-25T00:00:00,GHCND:AR000087623,62
786,"H,,S,",TAVG,2016-09-26T00:00:00,GHCND:AR000087623,163
787,",,S,",TMIN,2016-09-26T00:00:00,GHCND:AR000087623,50
788,"H,,S,",TAVG,2016-09-27T00:00:00,GHCND:AR000087623,185
789,",,S,",TMAX,2016-09-27T00:00:00,GHCND:AR000087623,280
790,",,S,",TMIN,2016-09-27T00:00:00,GHCND:AR000087623,100
791,"H,,S,",TAVG,2016-09-28T00:00:00,GHCND:AR000087623,158
792,",,S,",TMAX,2016-09-28T00:00:00,GHCND:AR000087623,263
793,",,S,",TMIN,2016-09-28T00:00:00,GHCND:AR000087623,99
794,"H,,S,",TAVG,2016-09-29T00:00:00,GHCND:AR000087623,92
795,",,S,",TMAX,2016-09-29T00:00:00,GHCND:AR000087623,213
796,",,S,",TMIN,2016-09-29T00:00:00,GHCND:AR000087623,69
797,",,S,",PRCP,2016-09-30T00:00:00,GHCND:AR000087623,351
798,"H,,S,",TAVG,2016-09-30T00:00:00,GHCND:AR000087623,96
799,",,S,",TMIN,2016-09-30T00:00:00,GHCND:AR000087623,72
800,",,S,",PRCP,2016-10-01T00:00:00,GHCND:AR000087623,51
801,"H,,S,",TAVG,2016-10-01T00:00:00,GHCND:AR000087623,126
802,",,S,",TMIN,2016-10-01T00:00:00,GHCND:AR000087623,73
803,",,S,",PRCP,2016-10-02T00:00:00,GHCND:AR000087623,0
804,"H,,S,",TAVG,2016-10-02T00:00:00,GHCND:AR000087623,166
805,",,S,",TMIN,2016-10-02T00:00:00,GHCND:AR000087623,98
806,"H,,S,",TAVG,2016-10-03T00:00:00,GHCND:AR000087623,166
807,",,S,",TMIN,2016-10-03T00:00:00,GHCND:AR000087623,106
808,",,S,",PRCP,2016-10-04T00:00:00,GHCND:AR000087623,399
809,"H,,S,",TAVG,2016-10-04T00:00:00,GHCND:AR000087623,144
810,",,S,",TMAX,2016-10-04T00:00:00,GHCND:AR000087623,248
811,",,S,",PRCP,2016-10-05T00:00:00,GHCND:AR000087623,99
812,"H,,S,",TAVG,2016-10-05T00:00:00,GHCND:AR000087623,124
813,",,S,",TMIN,2016-10-05T00:00:00,GHCND:AR000087623,55
814,",,S,",PRCP,2016-10-06T00:00:00,GHCND:AR000087623,0
815,"H,,S,",TAVG,2016-10-06T00:00:00,GHCND:AR000087623,124
816,",,S,",TMAX,2016-10-06T00:00:00,GHCND:AR000087623,196
817,",,S,",TMIN,2016-10-06T00:00:00,GHCND:AR000087623,68
818,",,S,",PRCP,2016-10-07T00:00:00,GHCND:AR000087623,79
819,"H,,S,",TAVG,2016-10-07T00:00:00,GHCND:AR000087623,127
820,",,S,",TMAX,2016-10-07T00:00:00,GHCND:AR000087623,179
821,",,S,",TMIN,2016-10-07T00:00:00,GHCND:AR000087623,74
822,",,S,",PRCP,2016-10-08T00:00:00,GHCND:AR000087623,0
823,"H,,S,",TAVG,2016-10-08T00:00:00,GHCND:AR000087623,125
824,",,S,",TMIN,2016-10-08T00:00:00,GHCND:AR000087623,18
825,"H,,S,",TAVG,2016-10-09T00:00:00,GHCND:AR000087623,155
826,",,S,",TMAX,2016-10-09T00:00:00,GHCND:AR000087623,224
827,",,S,",TMIN,2016-10-09T00:00:00,GHCND:AR000087623,89
828,"H,,S,",TAVG,2016-10-10T00:00:00,GHCND:AR000087623,161
829,",,S,",TMIN,2016-10-10T00:00:00,GHCND:AR000087623,72
830,"H,,S,",TAVG,2016-10-11T00:00:00,GHCND:AR000087623,163
831,",,S,",TMAX,2016-10-11T00:00:00,GHCND:AR000087623,260
832,",,S,",TMIN,2016-10-11T00:00:00,GHCND:AR000087623,72
833,",,S,",PRCP,2016-10-12T00:00:00,GHCND:AR000087623,51
834,"H,,S,",TAVG,2016-10-12T00:00:00,GHCND:AR000087623,178
835,",,S,",TMIN,2016-10-12T00:00:00,GHCND:AR000087623,97
836,",,S,",PRCP,2016-10-13T00:00:00,GHCND:AR000087623,0
837,"H,,S,",TAVG,2016-10-13T00:00:00,GHCND:AR000087623,177
838,",,S,",TMAX,2016-10-13T00:00:00,GHCND:AR000087623,270
839,",,S,",TMIN,2016-10-13T00:00:00,GHCND:AR000087623,102
840,",,S,",PRCP,2016-10-14T00:00:00,GHCND:AR000087623,41
841,"H,,S,",TAVG,2016-10-14T00:00:00,GHCND:AR000087623,140
842,",,S,",TMAX,2016-10-14T00:00:00,GHCND:AR000087623,225
843,",,S,",TMIN,2016-10-14T00:00:00,GHCND:AR000087623,102
844,",,S,",PRCP,2016-10-15T00:00:00,GHCND:AR000087623,409
845,"H,,S,",TAVG,2016-10-15T00:00:00,GHCND:AR000087623,161
846,",,S,",TMIN,2016-10-15T00:00:00,GHCND:AR000087623,108
847,",,S,",PRCP,2016-10-16T00:00:00,GHCND:AR000087623,51
848,"H,,S,",TAVG,2016-10-16T00:00:00,GHCND:AR000087623,163
849,",,S,",TMAX,2016-10-16T00:00:00,GHCND:AR000087623,230
850,",,S,",TMIN,2016-10-16T00:00:00,GHCND:AR000087623,113
851,",,S,",PRCP,2016-10-17T00:00:00,GHCND:AR000087623,109
852,"H,,S,",TAVG,2016-10-17T00:00:00,GHCND:AR000087623,126
853,",,S,",TMAX,2016-10-17T00:00:00,GHCND:AR000087623,226
854,",,S,",TMIN,2016-10-17T00:00:00,GHCND:AR000087623,67
855,",,S,",PRCP,2016-10-18T00:00:00,GHCND:AR000087623,20
856,"H,,S,",TAVG,2016-10-18T00:00:00,GHCND:AR000087623,125
857,",,S,",TMAX,2016-10-18T00:00:00,GHCND:AR000087623,182
858,",,S,",TMIN,2016-10-18T00:00:00,GHCND:AR000087623,99
859,",,S,",PRCP,2016-10-19T00:00:00,GHCND:AR000087623,130
860,"H,,S,",TAVG,2016-10-19T00:00:00,GHCND:AR000087623,107
861,",,S,",TMAX,2016-10-19T00:00:00,GHCND:AR000087623,139
862,",,S,",TMIN,2016-10-19T00:00:00,GHCND:AR000087623,87
863,",,S,",PRCP,2016-10-20T00:00:00,GHCND:AR000087623,71
864,"H,,S,",TAVG,2016-10-20T00:00:00,GHCND:AR000087623,107
865,",,S,",TMIN,2016-10-20T00:00:00,GHCND:AR000087623,73
866,",,S,",PRCP,2016-10-21T00:00:00,GHCND:AR000087623,0
867,"H,,S,",TAVG,2016-10-21T00:00:00,GHCND:AR000087623,111
868,",,S,",TMIN,2016-10-21T00:00:00,GHCND:AR000087623,37
869,"H,,S,",TAVG,2016-10-22T00:00:00,GHCND:AR000087623,156
870,",,S,",TMIN,2016-10-22T00:00:00,GHCND:AR000087623,68
871,"H,,S,",TAVG,2016-10-23T00:00:00,GHCND:AR000087623,191
872,",,S,",TMAX,2016-10-23T00:00:00,GHCND:AR000087623,243
873,",,S,",TMIN,2016-10-23T00:00:00,GHCND:AR000087623,139
874,",,S,",PRCP,2016-10-24T00:00:00,GHCND:AR000087623,371
875,"H,,S,",TAVG,2016-10-24T00:00:00,GHCND:AR000087623,147
876,",,S,",TMAX,2016-10-24T00:00:00,GHCND:AR000087623,244
877,",,S,",PRCP,2016-10-25T00:00:00,GHCND:AR000087623,361
878,"H,,S,",TAVG,2016-10-25T00:00:00,GHCND:AR000087623,140
879,",,S,",TMAX,2016-10-25T00:00:00,GHCND:AR000087623,147
880,",,S,",TMIN,2016-10-25T00:00:00,GHCND:AR000087623,121
881,",,S,",PRCP,2016-10-26T00:00:00,GHCND:AR000087623,119
882,"H,,S,",TAVG,2016-10-26T00:00:00,GHCND:AR000087623,174
883,",,S,",TMIN,2016-10-26T00:00:00,GHCND:AR000087623,110
884,",,S,",PRCP,2016-10-27T00:00:00,GHCND:AR000087623,0
885,"H,,S,",TAVG,2016-10-27T00:00:00,GHCND:AR000087623,139
886,",,S,",TMAX,2016-10-27T00:00:00,GHCND:AR000087623,225
887,",,S,",TMIN,2016-10-27T00:00:00,GHCND:AR000087623,58
888,"H,,S,",TAVG,2016-10-28T00:00:00,GHCND:AR000087623,148
889,",,S,",TMIN,2016-10-28T00:00:00,GHCND:AR000087623,57
890,"H,,S,",TAVG,2016-10-29T00:00:00,GHCND:AR000087623,186
891,",,S,",TMIN,2016-10-29T00:00:00,GHCND:AR000087623,69
892,"H,,S,",TAVG,2016-10-30T00:00:00,GHCND:AR000087623,181
893,",,S,",TMAX,2016-10-30T00:00:00,GHCND:AR000087623,273
894,",,S,",TMIN,2016-10-30T00:00:00,GHCND:AR000087623,108
895,",,S,",PRCP,2016-10-31T00:00:00,GHCND:AR000087623,71
896,"H,,S,",TAVG,2016-10-31T00:00:00,GHCND:AR000087623,185
897,",,S,",TMIN,2016-10-31T00:00:00,GHCND:AR000087623,117
898,",,S,",PRCP,2016-11-01T00:00:00,GHCND:AR000087623,89
899,"H,,S,",TAVG,2016-11-01T00:00:00,GHCND:AR000087623,142
900,",,S,",TMAX,2016-11-01T00:00:00,GHCND:AR000087623,265
901,",,S,",TMIN,2016-11-01T00:00:00,GHCND:AR000087623,100
902,",,S,",PRCP,2016-11-02T00:00:00,GHCND:AR000087623,0
903,"H,,S,",TAVG,2016-11-02T00:00:00,GHCND:AR000087623,127
904,",,S,",TMIN,2016-11-02T00:00:00,GHCND:AR000087623,29
905,"H,,S,",TAVG,2016-11-03T00:00:00,GHCND:AR000087623,201
906,",,S,",TMIN,2016-11-03T00:00:00,GHCND:AR000087623,100
907,"H,,S,",TAVG,2016-11-04T00:00:00,GHCND:AR000087623,231
908,",,S,",TMAX,2016-11-04T00:00:00,GHCND:AR000087623,318
909,",,S,",TMIN,2016-11-04T00:00:00,GHCND:AR000087623,164
910,"H,,S,",TAVG,2016-11-05T00:00:00,GHCND:AR000087623,242
911,",,S,",TMIN,2016-11-05T00:00:00,GHCND:AR000087623,162
912,"H,,S,",TAVG,2016-11-06T00:00:00,GHCND:AR000087623,234
913,",,S,",TMAX,2016-11-06T00:00:00,GHCND:AR000087623,340
914,",,S,",TMIN,2016-11-06T00:00:00,GHCND:AR000087623,159
915,"H,,S,",TAVG,2016-11-07T00:00:00,GHCND:AR000087623,178
916,",,S,",TMAX,2016-11-07T00:00:00,GHCND:AR000087623,298
917,",,S,",TMIN,2016-11-07T00:00:00,GHCND:AR000087623,110
918,"H,,S,",TAVG,2016-11-08T00:00:00,GHCND:AR000087623,177
919,",,S,",TMAX,2016-11-08T00:00:00,GHCND:AR000087623,255
920,",,S,",TMIN,2016-11-08T00:00:00,GHCND:AR000087623,100
921,",,S,",PRCP,2016-11-09T00:00:00,GHCND:AR000087623,239
922,"H,,S,",TAVG,2016-11-09T00:00:00,GHCND:AR000087623,198
923,",,S,",TMAX,2016-11-09T00:00:00,GHCND:AR000087623,262
924,",,S,",TMIN,2016-11-09T00:00:00,GHCND:AR000087623,134
925,",,S,",PRCP,2016-11-10T00:00:00,GHCND:AR000087623,0
926,"H,,S,",TAVG,2016-11-10T00:00:00,GHCND:AR000087623,179
927,",,S,",TMAX,2016-11-10T00:00:00,GHCND:AR000087623,254
928,"H,,S,",TAVG,2016-11-12T00:00:00,GHCND:AR000087623,177
929,",,S,",TMIN,2016-11-12T00:00:00,GHCND:AR000087623,80
930,",,S,",PRCP,2016-11-13T00:00:00,GHCND:AR000087623,231
931,"H,,S,",TAVG,2016-11-13T00:00:00,GHCND:AR000087623,206
932,",,S,",TMAX,2016-11-13T00:00:00,GHCND:AR000087623,280
933,",,S,",TMIN,2016-11-13T00:00:00,GHCND:AR000087623,129
934,",,S,",PRCP,2016-11-14T00:00:00,GHCND:AR000087623,0
935,"H,,S,",TAVG,2016-11-14T00:00:00,GHCND:AR000087623,208
936,",,S,",TMIN,2016-11-14T00:00:00,GHCND:AR000087623,140
937,"H,,S,",TAVG,2016-11-15T00:00:00,GHCND:AR000087623,201
938,",,S,",TMAX,2016-11-15T00:00:00,GHCND:AR000087623,295
939,",,S,",TMIN,2016-11-15T00:00:00,GHCND:AR000087623,149
940,"H,,S,",TAVG,2016-11-16T00:00:00,GHCND:AR000087623,158
941,",,S,",TMAX,2016-11-16T00:00:00,GHCND:AR000087623,230
942,",,S,",TMIN,2016-11-16T00:00:00,GHCND:AR000087623,101
943,"H,,S,",TAVG,2016-11-17T00:00:00,GHCND:AR000087623,138
944,",,S,",TMAX,2016-11-17T00:00:00,GHCND:AR000087623,208
945,",,S,",TMIN,2016-11-17T00:00:00,GHCND:AR000087623,55
946,"H,,S,",TAVG,2016-11-18T00:00:00,GHCND:AR000087623,161
947,",,S,",TMIN,2016-11-18T00:00:00,GHCND:AR000087623,58
948,"H,,S,",TAVG,2016-11-19T00:00:00,GHCND:AR000087623,203
949,",,S,",TMIN,2016-11-19T00:00:00,GHCND:AR000087623,119
950,"H,,S,",TAVG,2016-11-20T00:00:00,GHCND:AR000087623,175
951,",,S,",TMAX,2016-11-20T00:00:00,GHCND:AR000087623,304
952,",,S,",TMIN,2016-11-20T00:00:00,GHCND:AR000087623,127
953,",,S,",PRCP,2016-11-21T00:00:00,GHCND:AR000087623,0
954,"H,,S,",TAVG,2016-11-21T00:00:00,GHCND:AR000087623,142
955,",,S,",TMIN,2016-11-21T00:00:00,GHCND:AR000087623,70
956,"H,,S,",TAVG,2016-11-22T00:00:00,GHCND:AR000087623,180
957,",,S,",TMIN,2016-11-22T00:00:00,GHCND:AR000087623,86
958,"H,,S,",TAVG,2016-11-23T00:00:00,GHCND:AR000087623,225
959,",,S,",TMIN,2016-11-23T00:00:00,GHCND:AR000087623,139
960,"H,,S,",TAVG,2016-11-24T00:00:00,GHCND:AR000087623,233
961,",,S,",TMIN,2016-11-24T00:00:00,GHCND:AR000087623,146
962,"H,,S,",TAVG,2016-11-25T00:00:00,GHCND:AR000087623,231
963,",,S,",TMAX,2016-11-25T00:00:00,GHCND:AR000087623,314
964,",,S,",TMIN,2016-11-25T00:00:00,GHCND:AR000087623,127
965,",,S,",PRCP,2016-11-26T00:00:00,GHCND:AR000087623,150
966,"H,,S,",TAVG,2016-11-26T00:00:00,GHCND:AR000087623,206
967,",,S,",TMAX,2016-11-26T00:00:00,GHCND:AR000087623,309
968,",,S,",TMIN,2016-11-26T00:00:00,GHCND:AR000087623,165
969,",,S,",PRCP,2016-11-27T00:00:00,GHCND:AR000087623,0
970,"H,,S,",TAVG,2016-11-27T00:00:00,GHCND:AR000087623,175
971,",,S,",TMAX,2016-11-27T00:00:00,GHCND:AR000087623,270
972,",,S,",TMIN,2016-11-27T00:00:00,GHCND:AR000087623,111
973,",,S,",PRCP,2016-11-28T00:00:00,GHCND:AR000087623,0
974,"H,,S,",TAVG,2016-11-28T00:00:00,GHCND:AR000087623,200
975,",,S,",TMIN,2016-11-28T00:00:00,GHCND:AR000087623,129
976,"H,,S,",TAVG,2016-11-29T00:00:00,GHCND:AR000087623,231
977,",,S,",TMIN,2016-11-29T00:00:00,GHCND:AR000087623,132
978,"H,,S,",TAVG,2016-11-30T00:00:00,GHCND:AR000087623,235
979,",,S,",TMIN,2016-11-30T00:00:00,GHCND:AR000087623,149
980,"H,,S,",TAVG,2016-12-01T00:00:00,GHCND:AR000087623,256
981,",,S,",TMIN,2016-12-01T00:00:00,GHCND:AR000087623,168
982,"H,,S,",TAVG,2016-12-02T00:00:00,GHCND:AR000087623,274
983,",,S,",TMAX,2016-12-02T00:00:00,GHCND:AR000087623,356
984,",,S,",TMIN,2016-12-02T00:00:00,GHCND:AR000087623,197
985,"H,,S,",TAVG,2016-12-03T00:00:00,GHCND:AR000087623,224
986,",,S,",TMAX,2016-12-03T00:00:00,GHCND:AR000087623,336
987,",,S,",TMIN,2016-12-03T00:00:00,GHCND:AR000087623,117
988,"H,,S,",TAVG,2016-12-04T00:00:00,GHCND:AR000087623,271
989,",,S,",TMIN,2016-12-04T00:00:00,GHCND:AR000087623,182
990,",,S,",PRCP,2016-12-05T00:00:00,GHCND:AR000087623,0
991,"H,,S,",TAVG,2016-12-05T00:00:00,GHCND:AR000087623,229
992,",,S,",TMAX,2016-12-05T00:00:00,GHCND:AR000087623,366
993,",,S,",TMIN,2016-12-05T00:00:00,GHCND:AR000087623,158
994,"H,,S,",TAVG,2016-12-06T00:00:00,GHCND:AR000087623,192
995,",,S,",TMIN,2016-12-06T00:00:00,GHCND:AR000087623,87
996,"H,,S,",TAVG,2016-12-07T00:00:00,GHCND:AR000087623,219
997,"H,,S,",TAVG,2016-12-08T00:00:00,GHCND:AR000087623,196
998,",,S,",TMAX,2016-12-08T00:00:00,GHCND:AR000087623,312
999,",,S,",TMIN,2016-12-08T00:00:00,GHCND:AR000087623,87
0,",,S,",TMIN,2016-12-08T00:00:00,GHCND:AR000087623,87
1,"H,,S,",TAVG,2016-12-09T00:00:00,GHCND:AR000087623,227
2,",,S,",TMIN,2016-12-09T00:00:00,GHCND:AR000087623,89
3,"H,,S,",TAVG,2016-12-10T00:00:00,GHCND:AR000087623,241
4,",,S,",TMAX,2016-12-10T00:00:00,GHCND:AR000087623,324
5,",,S,",TMIN,2016-12-10T00:00:00,GHCND:AR000087623,140
6,"H,,S,",TAVG,2016-12-11T00:00:00,GHCND:AR000087623,257
7,",,S,",TMAX,2016-12-11T00:00:00,GHCND:AR000087623,327
8,",,S,",TMIN,2016-12-11T00:00:00,GHCND:AR000087623,190
9,"H,,S,",TAVG,2016-12-12T00:00:00,GHCND:AR000087623,255
10,",,S,",TMAX,2016-12-12T00:00:00,GHCND:AR000087623,320
11,",,S,",TMIN,2016-12-12T00:00:00,GHCND:AR000087623,166
12,"H,,S,",TAVG,2016-12-13T00:00:00,GHCND:AR000087623,182
13,",,S,",TMAX,2016-12-13T00:00:00,GHCND:AR000087623,320
14,",,S,",TMIN,2016-12-13T00:00:00,GHCND:AR000087623,99
15,"H,,S,",TAVG,2016-12-14T00:00:00,GHCND:AR000087623,191
16,",,S,",TMIN,2016-12-14T00:00:00,GHCND:AR000087623,61
17,"H,,S,",TAVG,2016-12-15T00:00:00,GHCND:AR000087623,254
18,",,S,",TMIN,2016-12-15T00:00:00,GHCND:AR000087623,160
19,"H,,S,",TAVG,2016-12-16T00:00:00,GHCND:AR000087623,275
20,",,S,",TMAX,2016-12-16T00:00:00,GHCND:AR000087623,365
21,",,S,",TMIN,2016-12-16T00:00:00,GHCND:AR000087623,196
22,"H,,S,",TAVG,2016-12-17T00:00:00,GHCND:AR000087623,268
23,",,S,",TMIN,2016-12-17T00:00:00,GHCND:AR000087623,182
24,",,S,",PRCP,2016-12-18T00:00:00,GHCND:AR000087623,140
25,"H,,S,",TAVG,2016-12-18T00:00:00,GHCND:AR000087623,218
26,",,S,",TMAX,2016-12-18T00:00:00,GHCND:AR000087623,359
27,",,S,",TMIN,2016-12-18T00:00:00,GHCND:AR000087623,144
28,",,S,",PRCP,2016-12-19T00:00:00,GHCND:AR000087623,0
29,"H,,S,",TAVG,2016-12-19T00:00:00,GHCND:AR000087623,230
30,",,S,",TMIN,2016-12-19T00:00:00,GHCND:AR000087623,100
31,"H,,S,",TAVG,2016-12-20T00:00:00,GHCND:AR000087623,271
32,",,S,",TMIN,2016-12-20T00:00:00,GHCND:AR000087623,182
33,",,S,",PRCP,2016-12-21T00:00:00,GHCND:AR000087623,0
34,"H,,S,",TAVG,2016-12-21T00:00:00,GHCND:AR000087623,257
35,",,S,",TMAX,2016-12-21T00:00:00,GHCND:AR000087623,370
36,",,S,",TMIN,2016-12-21T00:00:00,GHCND:AR000087623,198
37,"H,,S,",TAVG,2016-12-22T00:00:00,GHCND:AR000087623,213
38,",,S,",TMAX,2016-12-22T00:00:00,GHCND:AR000087623,299
39,",,S,",TMIN,2016-12-22T00:00:00,GHCND:AR000087623,105
40,"H,,S,",TAVG,2016-12-23T00:00:00,GHCND:AR000087623,232
41,",,S,",TMIN,2016-12-23T00:00:00,GHCND:AR000087623,111
42,"H,,S,",TAVG,2016-12-24T00:00:00,GHCND:AR000087623,266
43,",,S,",TMAX,2016-12-24T00:00:00,GHCND:AR000087623,344
44,",,S,",TMIN,2016-12-24T00:00:00,GHCND:AR000087623,164
45,"H,,S,",TAVG,2016-12-25T00:00:00,GHCND:AR000087623,247
46,",,S,",TMAX,2016-12-25T00:00:00,GHCND:AR000087623,355
47,",,S,",TMIN,2016-12-25T00:00:00,GHCND:AR000087623,184
48,",,S,",PRCP,2016-12-26T00:00:00,GHCND:AR000087623,0
49,"H,,S,",TAVG,2016-12-26T00:00:00,GHCND:AR000087623,237
50,",,S,",TMAX,2016-12-26T00:00:00,GHCND:AR000087623,304
51,",,S,",TMIN,2016-12-26T00:00:00,GHCND:AR000087623,180
52,"H,,S,",TAVG,2016-12-27T00:00:00,GHCND:AR000087623,232
53,",,S,",TMIN,2016-12-27T00:00:00,GHCND:AR000087623,123
54,"H,,S,",TAVG,2016-12-28T00:00:00,GHCND:AR000087623,257
55,",,S,",TMIN,2016-12-28T00:00:00,GHCND:AR000087623,148
56,"H,,S,",TAVG,2016-12-29T00:00:00,GHCND:AR000087623,274
57,",,S,",TMIN,2016-12-29T00:00:00,GHCND:AR000087623,186
58,"H,,S,",TAVG,2016-12-30T00:00:00,GHCND:AR000087623,293
59,",,S,",TMIN,2016-12-30T00:00:00,GHCND:AR000087623,210
60,"H,,S,",TAVG,2016-12-31T00:00:00,GHCND:AR000087623,262
61,",,S,",TMAX,2016-12-31T00:00:00,GHCND:AR000087623,383
